"person_id","village_id"
"7fc4b08da161","f6cb39174711"
"24a0582aa935","38777b191f3b"
"b3701dc66568","8be8e4be55ea"
"07aa014f1426","be347153b4c3"
"e63118739abe","1776d5fd497a"
"25dc0f20ee2f","c5b1f62a5828"
"cc6cbd28d02c","dda003a8af8c"
"41cdc537d376","872df9f07ee8"
"4826a1b463c9","7506e1529289"
"8ac7e7ad73c4","f70337544621"
"97cbd134b142","90b053a888d1"
"52cc889e8ae9","333879bc2851"
"072575e2e798","70b09e33c4f2"
"a743528be86f","22e3ceba138a"
"9c949014cb28","fc1826ded839"
"7b3254319035","36534d71b1ad"
"fd8912c0e10d","1de4a6a977a4"
"f2524e42e46b","c3a752a3a65f"
"1e94b6aa9f68","3c47ed5cc998"
"dbda70e61479","025fe7420701"
"876b1a6a7c04","b7c93a5072c9"
"a080ecbcc3ec","944f50492127"
"a001cf127ea2","81819f88287f"
"f1d84b95c0f1","6ceba14c46c5"
"1349d5baf821","60650d405ff0"
"5fc6988ee4f5","b233f5111b43"
"13fd3a20f8b4","1235d60a31e0"
"c3c6b0645b95","733eba678783"
"f4b94728ed51","e1301b6bada4"
"194c83922d24","e3559e7f9921"
"5e5102488e42","a261786a6422"
"47dd5db8184e","13a44d3e49b1"
"f4f2b4cf673a","be68091fe22e"
"d1cadd8ac197","f440a4fc13eb"
"7c9ae692b683","607acb571d80"
"5442a34558c4","e9564ea33173"
"17fa2fe22fc7","e14af30ae642"
"fc1eff53013e","0cc9744dd618"
"60442e2c58fc","70b09e33c4f2"
"0544311e7c39","9311f56f3f52"
"9dfafd365d0d","9969680c24b4"
"4155116dda06","2e03c76bb251"
"e1c3148e72bf","0a0588196bd4"
"171d3c93e3cd","db6db9d91b8e"
"e7bff5b815b6","4cd0466e8601"
"452308c62dea","c5b1f62a5828"
"b5b24e4ce7b7","199254d90da2"
"b166787f2f14","193630cba9aa"
"cb3c8a413650","172e50f2181e"
"3b8c1a7b1edf","70b09e33c4f2"
"9713082c11f8","c0f0f3f74a6e"
"200ff2eb3b4c","2a0b747bcea5"
"b240ee09ef97","9311f56f3f52"
"8ec7174f9b3a","518f35c74d04"
"34a267cbfc5d","66886dfc604e"
"23f847bd1599","2a0b747bcea5"
"f1a479c71ec1","5418a23396de"
"9cf7b3f59d5a","8e7fe445e20c"
"ee4a9ef7f538","c62bdb73b125"
"97a27aa11014","e157242aab46"
"ebc75151736e","9311f56f3f52"
"4e99cfd50277","a80d2b2b4383"
"570d90684c43","917c126ea94e"
"2e39b44dfd89","9311f56f3f52"
"9fa62c3e6cc0","16b682ceaea6"
"c597ba945d3b","193630cba9aa"
"bffef88aaaae","1235b0061ba5"
"edea7f588970","6bc111befbed"
"12b71235fcbc","70b09e33c4f2"
"2926c4fc0391","fc6dd8bd59ff"
"4deb03a8e1f6","4ebd2eb38beb"
"128285735dd7","8dedb72a84de"
"3113c4f1a8de","9311f56f3f52"
"dcb53c97ded7","aba07b5d78a7"
"e092972e3b10","b107b0f35459"
"d480bf9026d5","c51468a91f68"
"1be08a3e5c89","78405c469488"
"9f66ac52f2ea","4242142a77d8"
"ce7682771bcf","e157242aab46"
"0d66f3e120cc","921734631eb4"
"5fdfbd2bb360","b4cde3e8c04b"
"fb9c568e7dab","bc384a89fb11"
"532e085549f2","8fb01fb803eb"
"16b1ef4f89f6","b9ce0f8fdf52"
"a654b259bf65","994fb2696d85"
"eeb678c4b92a","145a22e6c8f2"
"559a74900c6e","9311f56f3f52"
"96781bf1e845","c7646dc962e4"
"5ebe0dcd746b","81819f88287f"
"4f39bfc06ba0","e157242aab46"
"1e8e61024336","4242142a77d8"
"dd4c5acf4c49","a178e3746a82"
"f11440e5cf79","a80d2b2b4383"
"0fdc982d5e93","dd8eadcb7b88"
"29014bc219ea","90b053a888d1"
"846a6a6ca4c8","518f35c74d04"
"160945ad46f4","9311f56f3f52"
"1c091579f6ac","f4a8c4580289"
"476d5e0d7727","dea96620417b"
"57b5a4a5faaa","9e68fbc28d55"
"a02f399e8c31","518f35c74d04"
"dd87e50d28e8","aa13e87a69bd"
"05ce63a724bb","7d62ebadbaa9"
"01dd26afd686","9311f56f3f52"
"eda59e1da16b","29a54e8a0503"
"4022e2869756","172e50f2181e"
"d5ecd6d9f5ee","2f972f14f95e"
"5e8ffe10a0bf","51f66c0959bf"
"ec2bf67ef2f6","719f44fd4912"
"4a0219304f97","e0c345819ff7"
"9dc9889fbf20","fa2c18cf69a0"
"faedad62cab1","b9ce0f8fdf52"
"bb6890fdfcaa","c0f0f3f74a6e"
"052c51ade423","58f18a347f84"
"020b1f9320cb","8dedb72a84de"
"4ff76fa1217f","25bd5de73d16"
"6e299a436b29","9497b63937ac"
"71cc1ac84c91","2a0b747bcea5"
"7c570f484f94","4dc2fffd593c"
"a50da002f9fc","0980f44a08d0"
"a0e26f841c8b","29dd53645cee"
"364bc09df2bf","f308becd1242"
"cae50348f328","c0f0f3f74a6e"
"9d8855b9145a","bc384a89fb11"
"ca415c689a88","26c242b33584"
"a5738deeab8c","ca218007c258"
"d6cfbb1a7f61","da37df58094d"
"a498f1095fd5","c580c93abc2c"
"56246b74d5bc","57efe6288278"
"b0e2e7146ae1","4c27c3f5f6e5"
"7bb673152990","6c07fb62f932"
"3cc6243a5d45","e157242aab46"
"53aaf091667a","500a1781435e"
"b8509ecc0fc5","2d51e7122d0b"
"784cb3f96122","d04fe6749ad7"
"c8e8fc0f9a5f","f05cccc8df64"
"262b3d2701bd","da75bbc9a468"
"c617d18fa9bd","a80d2b2b4383"
"e0d724adb8b4","a5c2cbef0ec7"
"5fc68584c226","56544a2dbc14"
"a030b186e286","5e09b1866de8"
"619ff19d2231","ca84d7e1c97a"
"2e51539e88ff","f4a8c4580289"
"11d8ebeab4fa","8dedb72a84de"
"3c0a241e359a","9822b64af1ab"
"6a17e3f34609","518f35c74d04"
"116d415670a1","f4a8c4580289"
"0609994d6d06","dea96620417b"
"4389ee6e42a7","53d606185160"
"a624f49e7a32","a80d2b2b4383"
"1bbb262e6f1c","172e50f2181e"
"886a675747e8","6ce85aa825cd"
"a729b38b02e3","06c17a74802d"
"a859b86d05c7","e1301b6bada4"
"cba4915a4bc0","b814483dbe3f"
"497b2955d2cc","8be283e5dfd2"
"02b531685e79","172e50f2181e"
"a82f0bf81eed","101641ee5d4c"
"b454a89fc35d","e0c345819ff7"
"a8485b085e14","16b682ceaea6"
"36734a5c1ed9","8dedb72a84de"
"834ba748a11a","7d65b36b19bf"
"7c37bac01839","ecdcf0a7b1a4"
"02f6f195f15b","0380888ba7b9"
"6bc67af7a612","a03f42b1ec42"
"d5f7cca6554f","70b09e33c4f2"
"a6530b6bee72","17e9f3573962"
"f740276ea760","da37df58094d"
"406bc63468de","20a22cf1ed26"
"d91e133ce9f5","dea96620417b"
"8eab657d8392","17e9f3573962"
"3213a2cc091e","22ce6a0ea0e8"
"3e9d055d43b6","4242142a77d8"
"fcf44083e646","8d76a74493e5"
"d8a603c65ef8","2a0b747bcea5"
"e82667c94134","f308becd1242"
"d811c42e1b79","3e2b8843296b"
"2dd0e3f20c74","fa69c33bac27"
"dfadb6fe6ae0","2e03c76bb251"
"f539af5e2b11","c0f0f3f74a6e"
"013728a54144","83c046009d75"
"886303179e64","8996168e5064"
"eb6c00f58cec","9e9dafcbae24"
"c45d1fc1448e","518f35c74d04"
"2c7dfbf39442","60650d405ff0"
"79c620d07e5b","1f467c072d90"
"eaa9a42cf97e","22f9e188690e"
"4bceefa1c92b","95ce06016874"
"b697d740bdee","d33ef849d1ea"
"0c3a497e5791","9870a185f81d"
"4365d2e234d9","9311f56f3f52"
"cba4eeb499a6","8dedb72a84de"
"1ec865d122a1","69a6faa7129c"
"ba1e92dea4ac","be68091fe22e"
"a67257350476","22ce6a0ea0e8"
"3bad5887c946","56544a2dbc14"
"d94d97882cd7","e157242aab46"
"2beec6df7870","21a92001a340"
"794596da8196","64882d7f6cfb"
"096fdb765164","6a1cb2d4c691"
"8cb3f05dd8b4","10d0c48941ce"
"8b14272aebaf","bc384a89fb11"
"9116a8bf5721","8e7fe445e20c"
"22356d291b09","eae3d0095c56"
"3dfca03e2108","1235d60a31e0"
"e0640b9fd2ac","5e764765ebda"
"fae6e7fde5a2","9311f56f3f52"
"6295e34c670f","38bebfc079cd"
"d97a632050c9","b814483dbe3f"
"0d92d5ce87e7","4b647c4f28ab"
"5fe30d619cce","32e210aaf8cf"
"87bd5559c505","66886dfc604e"
"d8956c7a3bae","4db5e195bf60"
"2a48c9003601","e14af30ae642"
"2a7fd739e218","451e14adc445"
"3225df4b8769","9eb0ca3eca5c"
"bb8498d892fe","65d43a524596"
"4e7ffc458718","9822b64af1ab"
"c17680335d3e","d5dcb8333980"
"9496c981e3d6","0f59b9f1467d"
"3c04cd49e1cd","cdc39758e8d6"
"2c78bdcd08c1","6c07fb62f932"
"768d40c32417","9870a185f81d"
"5ca92b84966c","31940a19202b"
"35574492e49e","172e50f2181e"
"1deb7fd9466a","619cb8569349"
"7dc518fb13f0","719f44fd4912"
"496b26db66df","93beca85b1a4"
"f4b1a1e68489","aa13e87a69bd"
"5a024fe15e58","a80d2b2b4383"
"cb4af3210702","e157242aab46"
"ee3a4fcd9c2f","172e50f2181e"
"d4829629a8f5","8dedb72a84de"
"99ad6b61c218","74347a5cb15d"
"e6938b378fa1","3aeca998fb4f"
"c86852da6465","a43329fc3306"
"d9548df32988","a737ca0dd935"
"568b074a6722","90b053a888d1"
"990b9460e80f","37908ece9d2d"
"f371bb2df268","2c35c5fb0483"
"f0c00dd6ecc9","b4cde3e8c04b"
"c096a7e118be","e157242aab46"
"9dc7c8d1d3de","db6db9d91b8e"
"e379be052642","172e50f2181e"
"e67347722837","c0f0f3f74a6e"
"a04dfd78673c","9969680c24b4"
"979c5170d345","283a8c51f394"
"4a76e3c2c037","afa2bdb627c6"
"8d7622b70631","e1301b6bada4"
"bcaf1b08e818","9e25097df49d"
"ae606cff1f23","c7646dc962e4"
"9c32f9ef5636","172e50f2181e"
"b7635078209e","559cfa1d5086"
"8e3cc69c8a4e","0babbf384017"
"72699a0af0a1","e14af30ae642"
"4943f42c889a","9870a185f81d"
"1213b61a4019","3e2b8843296b"
"e2f0d3e345dd","17e9f3573962"
"cb034d10b402","8ad75c7f53fe"
"a08568d16ac3","5e09b1866de8"
"3fc8b9abe921","d6eaad029129"
"e9ac837fe7a8","90b053a888d1"
"4c662acdf685","9497b63937ac"
"0967fc217866","df68ead00727"
"8a8df91b985e","2d51e7122d0b"
"49941a561bc6","20a22cf1ed26"
"0c6ce27e0d39","0980f44a08d0"
"2afed2bec461","2e03c76bb251"
"bcc50c4778dd","4c27c3f5f6e5"
"a95ee00d616e","cdc39758e8d6"
"fb1b85cd110f","f308becd1242"
"52ea40886a29","6c9415db43e7"
"acb1667ebfbd","bf661b60b3f4"
"7f7de1b214ce","9b7420e920d9"
"5c584f65ceb6","a261786a6422"
"3444d8668ab9","94138bc16d35"
"5a94d283f649","d95f048d6d3d"
"36d6ebb32507","9c1dfebc5f0a"
"835c323e8de3","8ffd19a09983"
"ed7970e45380","e157242aab46"
"169bacb232fb","ac37b640570b"
"7ed9160fc9ad","7ff9ac668f0b"
"7a751009b4a9","5b773b4f2887"
"bbbd2a5dbcb2","c0f0f3f74a6e"
"330bee27e773","a384174dbf46"
"a02ab10c41da","56bfa8f953ba"
"46bf256fbd88","246377615e60"
"c209dc6a6fbf","0cc9744dd618"
"ac6144482623","6ce85aa825cd"
"bce9657f639c","a6aec1410966"
"8ff268e6e412","e1d019a6fbe8"
"5e5ecd9c9b84","1de4a6a977a4"
"86d676fe132b","9541c37b1e82"
"a99c698c850c","145a22e6c8f2"
"594ee4634a7f","607acb571d80"
"5a17c0460448","aa13e87a69bd"
"369dc2e82d3e","aa13e87a69bd"
"d13d90e2987a","9497b63937ac"
"f27ced5d864f","8dedb72a84de"
"5f9189b9d739","70f0f0cc8a3d"
"c6c9d41d1b27","70b09e33c4f2"
"fe31aac44910","8dedb72a84de"
"be7ac39013db","70b09e33c4f2"
"051f358eff37","fdd8b6835f41"
"870c90adec4f","27304e454fbf"
"566debef6852","4261807e88b1"
"9deb845e98d5","c0f0f3f74a6e"
"0151be96cd2f","26c242b33584"
"ab467a6d2f40","994fb2696d85"
"f11f5a4ec4c3","145a22e6c8f2"
"f229053bf411","a4ac0b4230ee"
"261b4bedb850","027c793e694c"
"5ec87e26d81e","ab45afb8cbb6"
"682e880ec914","70b09e33c4f2"
"0d494cd919c7","145a22e6c8f2"
"ba271ff96c97","025fe7420701"
"5421a8764439","c0f0f3f74a6e"
"f8db28aa0775","f4a8c4580289"
"b03704bae23d","0f25c52da806"
"7a900ea90a31","67d402024071"
"46b01e8c7ffa","93beca85b1a4"
"7108e834419f","fc6dd8bd59ff"
"1a6a9a1002fb","8dedb72a84de"
"841bb3a120d1","a80d2b2b4383"
"923eb5cddfb1","f4289640b4b3"
"8341f317e747","aa13e87a69bd"
"6610d683cbbb","df68ead00727"
"b14a6e6ca547","c0f0f3f74a6e"
"d763282a9e4f","be405ed2a7d1"
"048a1dda2594","c0f0f3f74a6e"
"4c1f284dec96","518f35c74d04"
"3c8f59e95939","5dc472ea4dc5"
"16c7a6cf30d1","a80d2b2b4383"
"8f64369c7486","8dedb72a84de"
"3becada131cd","6c07fb62f932"
"57dda9c4718f","44e2415302d8"
"020b858be93a","67d402024071"
"95d30e8782e3","9898092b579f"
"abc8b261d6f8","124e3b72e1fe"
"fee5c335d7f4","13a44d3e49b1"
"cfb1072b95f6","ecff080434b5"
"9b92f002d323","8215f6d26462"
"2ed5c7bea6d6","510f64eaaba6"
"19620861e760","262d1c7a722c"
"072f7a0d62c9","145a22e6c8f2"
"ec91997349a6","196f45d188bf"
"66571bea6bee","7e763136c029"
"486c7daf9fdb","d524341ea94f"
"068b96ac9042","9311f56f3f52"
"7ff920413e46","70b09e33c4f2"
"0c593196d38e","81819f88287f"
"f4528762a505","e157242aab46"
"f922932d924c","145a22e6c8f2"
"ab0136cef5a6","d759bc96fc0a"
"c03dbb8e148a","751c8d1745fe"
"9776baa4cab9","1c49f00b01a8"
"893bee9dc262","9e9dafcbae24"
"a41f0a95b2dd","be347153b4c3"
"2e7bb60ef42e","64089d6788b7"
"17fada0fd5f8","a80d2b2b4383"
"23ab7ff22abc","921734631eb4"
"00391a6c13a0","733eba678783"
"123f2ca24666","a80d2b2b4383"
"a3d8c92ea7f7","e1301b6bada4"
"7705d83492bc","e157242aab46"
"302075883147","9c028867abc7"
"351d98f4f77b","ae243f504e6c"
"c0c38aac729a","22ce6a0ea0e8"
"e67252bc0d0e","8a4719264af7"
"063eb43c6d69","9497b63937ac"
"f6bfc69ff93e","2a650a9b2d7b"
"bb5aa1c113d2","199254d90da2"
"ead7dc99cd24","6628baa41f72"
"eb0506a40fb2","dc8df72161d5"
"c0faf1bb3c10","8bd5a72b1a0d"
"5d96a7bc0851","22f9e188690e"
"2d72bd7770a5","a80d2b2b4383"
"08bc6ab7620e","36e5e5a7c2a3"
"c37ccb5693a4","f0944c078837"
"c9767afb2fe0","26c242b33584"
"edefffb46072","c51468a91f68"
"867e187bf7a7","9870a185f81d"
"2141a22e75da","c0f0f3f74a6e"
"db7c6004ba27","17e9f3573962"
"0919539b8897","f4a8c4580289"
"8ecf091b92b4","5e764765ebda"
"181281bbdd97","51f66c0959bf"
"4f8d0535e0d7","90b053a888d1"
"629550d01427","1bcbd72715fa"
"fa4e015a84e4","439377fd2d69"
"183bfcddc430","c0f0f3f74a6e"
"91c7cb4ad25d","e157242aab46"
"2b2e5ca6a4bc","a80d2b2b4383"
"4f9b05937fe8","bd7d9132dbf4"
"99a7befe4347","fec1ef82f1b5"
"b8f199eca773","343df6f5ea88"
"2be97c410d67","8dedb72a84de"
"b889112f5535","172e50f2181e"
"920f1c9cc929","70b09e33c4f2"
"41e84a593bed","2920777dc239"
"16fb463af459","2c0c49c9ead8"
"9dd4ad1749ed","be405ed2a7d1"
"9b5e4c118c70","55197b060a4c"
"3c37e3640671","9311f56f3f52"
"9893c10902fe","e157242aab46"
"c9f50efd0c25","719f44fd4912"
"3f8be259e418","56bfa8f953ba"
"0d424c85e728","8ebf4fc70ef4"
"ead3b2dbb342","9311f56f3f52"
"fceadbe7a3de","e157242aab46"
"4f95d7a71204","bf661b60b3f4"
"4a8f5bf99f4a","aa13e87a69bd"
"a63f88a1e95a","e157242aab46"
"290c3e74a81d","74716c50f300"
"3053ad3e410f","45bee866afca"
"16866d0a5e5b","c2ad390a5306"
"58f8c4701e11","7ada2694395e"
"2b8b897ad334","4242142a77d8"
"f7726036d3f9","a95882b26e16"
"d91e58d8f268","bf661b60b3f4"
"6c9f78d6ee31","70b09e33c4f2"
"3929823adbd0","0df12580d58f"
"429120d58fe1","5dd50912d89f"
"a7d3bb7dfaf4","a8f4b893c1fe"
"64f3294de00a","9c028867abc7"
"9cfd74e5c1bc","3c5c6144a011"
"988071814d88","2a0b747bcea5"
"cc554d238d78","edbf678bc558"
"9d1c94a520c4","0a0588196bd4"
"c09cf39ffb35","e157242aab46"
"c56cfff59455","518f35c74d04"
"9c9c0691e9ee","03b99a2e5a6a"
"af70e8018f72","44e2415302d8"
"b7bdf58e82bb","3d89c276dfcd"
"07d6c6db9d3a","8dedb72a84de"
"312db99d475f","333879bc2851"
"18151a8029ff","22ce6a0ea0e8"
"f39ad8edfaa1","921734631eb4"
"948461b69edd","92e053a7f3f0"
"8ba213411edf","561ba58b212c"
"978839bc9ba0","8dedb72a84de"
"64554ff672d4","0a9f3414658c"
"d84b712334a5","8dedb72a84de"
"c3d6a6616b97","3ecd02efabf9"
"706a6b5dad3e","022aaa7ad761"
"5d51b3ba6185","719f44fd4912"
"e746311cd286","22ce6a0ea0e8"
"4590be26812b","70b09e33c4f2"
"96c0f706a237","45bee866afca"
"5053686a685e","8dedb72a84de"
"342ccf2da11b","fdd8b6835f41"
"f00b2d0e75ba","2a0b747bcea5"
"06e0d17d9ce6","10895f555bc4"
"dda3a6b74779","d6eaad029129"
"f148e3c6441e","8dedb72a84de"
"cb0be8bb6d83","451e14adc445"
"7bf4db8f89da","f4a8c4580289"
"2b044e5c9f8b","a80d2b2b4383"
"f48470c1a3f3","a1ca4cf61979"
"e9442217a281","fccd960f3e9e"
"83e553b31431","fc55538bffda"
"f1808d8ccaf4","c62bdb73b125"
"47bb08a372b6","74a58e60457a"
"8c8ca162d5a1","15a889a78349"
"bb1a5df12a36","fc1826ded839"
"7fe6bef1488b","172e50f2181e"
"20c96a97837c","9eb0ca3eca5c"
"4a8c76e8f6a3","3e2b8843296b"
"4dd34e18e6c1","518f35c74d04"
"af97678df351","9870a185f81d"
"c615e9625ae0","4ebd2eb38beb"
"d33a92ebb71e","9969680c24b4"
"84b33bd6a080","27304e454fbf"
"b1b7502b8a98","8dedb72a84de"
"021404bc670d","832f57222c34"
"841263c3d954","ef08be1772e9"
"701458266a80","c0f0f3f74a6e"
"f0a244ca3cae","c7646dc962e4"
"d96f56368b07","e157242aab46"
"fb612b1a0e07","99c04473bece"
"52e6232f75c8","626e1e6d7ec3"
"a6911f321119","94138bc16d35"
"ddcd2aef8d63","39f4b88f009b"
"0adce27a908a","025fe7420701"
"9c1e964ea3d1","aa13e87a69bd"
"85e8c253ff78","be405ed2a7d1"
"a4b2b0960252","050f83456226"
"a36670cb4239","463c511a6797"
"195509fb38a9","9d3f3945b07c"
"29383ec2fe82","52b90a961322"
"58b765290b83","7506e1529289"
"cbdef1038920","2a0b747bcea5"
"2c4d4af7c7b6","a6540be343ef"
"7c530be01b14","246377615e60"
"336eee63d32d","7d62ebadbaa9"
"b43a2c5d3e18","a80d2b2b4383"
"d78cb764d322","44e2415302d8"
"4ef09788f0b4","17e9f3573962"
"b1413bf9792a","c0f0f3f74a6e"
"a3fb0fb30558","f4a8c4580289"
"61d4dac5e501","31c60d78931e"
"2be6db2bfb3b","55197b060a4c"
"1fb5d090e8ba","5b1feb223fce"
"dbc0f21ff5da","d04fe6749ad7"
"87dc9b14526d","bd3fb2d3494e"
"260aa95f59bc","bb378edb1a70"
"2fa928ea9701","faf158832758"
"f900e8242b9e","172e50f2181e"
"cd915af3ed37","778a7f916e87"
"cddca2887d68","9d5dfd6fcc91"
"0a2b8e3c2d98","e157242aab46"
"73c2c7d7a91e","2a0b747bcea5"
"e5be8edde9c8","c79f1b8c65a6"
"be42726eef21","b4cde3e8c04b"
"9d302186e941","01434a006ae3"
"7de093cf44fa","7fb09273e576"
"1afd8c5df861","e3559e7f9921"
"f9271871505d","9311f56f3f52"
"482b60f46423","90b053a888d1"
"7173755d423a","397260f29cfd"
"7cf83af58e10","70b09e33c4f2"
"d17608272897","aa13e87a69bd"
"d0873de12231","06f7e244f46b"
"c36f74aec073","172e50f2181e"
"fb4ae7ab6807","9969680c24b4"
"74dfe4f09c71","23f5728abc8b"
"0caec0d71ae7","e157242aab46"
"9d7e11f9ef9a","5f689149014e"
"3f49c56b1245","145a22e6c8f2"
"69b9ae5ba242","2a650a9b2d7b"
"0bfb791c2a0b","64882d7f6cfb"
"ba0bfb1029c8","172e50f2181e"
"1475c27ca31d","3c47ed5cc998"
"8bd05d661231","fa2c18cf69a0"
"43b9eb684c76","162c9952c093"
"0a614a3c6199","70b09e33c4f2"
"7f6ea6a4fd1e","52b90a961322"
"c86b39ccbe55","619cb8569349"
"3152c7250daf","e157242aab46"
"6ac2b1837ce7","38777b191f3b"
"bced4211e7b4","994fb2696d85"
"21dd2970336d","172e50f2181e"
"cb53d61b824e","fdb29513fd26"
"0e9e953da449","10895f555bc4"
"48230ca10022","276ee5c06cc6"
"2b324e2a571f","0980f44a08d0"
"3e9de865b898","17e9f3573962"
"c6cbccfb612a","8692bc19789e"
"3355075d9af4","9172b5fc4cca"
"5e0b5e53340b","7d06f8d383b2"
"3bbe24638a95","20a22cf1ed26"
"403d1a447208","333879bc2851"
"0b88ac970c50","8817e26a8cf2"
"05ee9e257fd2","172e50f2181e"
"4dfe73a0491f","d64e225c9295"
"389096a25b72","db6db9d91b8e"
"69aa35341419","aa13e87a69bd"
"41b590cffa38","3ab21afd3e69"
"38866cdaf288","518f35c74d04"
"3d8b5ec51264","5b97411e045b"
"c088aeb7b53c","9311f56f3f52"
"b6fc3df7fac8","da3faab3edef"
"4edae23c3524","9cae3d2553b3"
"8540eebd96f9","5b97411e045b"
"d75a496880ef","28a9764e9326"
"338efe8d17aa","4242142a77d8"
"c1d8854ef3ba","8069dbbd90d2"
"47bffe820b02","c7646dc962e4"
"60dad7c85f22","f70337544621"
"ab457a37856a","3fb639624d1a"
"972706777d8a","b4cde3e8c04b"
"ce3bc389c575","17e9f3573962"
"29750f222823","bdb29e11d354"
"90d0586f5c6b","16cf7c9b027b"
"158077556c89","2a650a9b2d7b"
"a9bc6d3bc6be","2e5876c06c2f"
"c23c702a8966","c580c93abc2c"
"b11c2374f5a9","22e3ceba138a"
"71219cc0a510","921734631eb4"
"7a062a4ea5a7","c27046842e25"
"39cbcc061b5f","7bdad54a0082"
"f1a826c5b551","145a22e6c8f2"
"4d006e77bde7","8dedb72a84de"
"743f73da4c01","9822b64af1ab"
"c8ae7ef841dd","832f57222c34"
"e06a777270fc","153dd0ab3087"
"8b87be303826","44e2415302d8"
"b3c87b453a2d","9311f56f3f52"
"72908f3b15a8","aa13e87a69bd"
"11244b539414","8dedb72a84de"
"d134d4b4e539","5dd50912d89f"
"4a3dcff83d85","e157242aab46"
"24ee4d1f3ccf","44e2415302d8"
"0caccf51eccf","8996168e5064"
"8a4a2b6d98a2","6121ba4ded61"
"ac54a02de3f9","70b09e33c4f2"
"0ae864b9e7f9","3e2b8843296b"
"98cb6e75ede4","a6540be343ef"
"bfc38a3a89ea","145a22e6c8f2"
"8e280c1cda28","172e50f2181e"
"2f899e88c64e","c0f0f3f74a6e"
"d21754b9dc2b","be8734e22689"
"91472b2a1efa","d8d5ad43e7e8"
"ce253347386d","6ceba14c46c5"
"c03d7bc0258f","17e9f3573962"
"2cc9abbb08a8","5f046a5052c7"
"6da34fec2804","45bee866afca"
"3e5ba988447b","32e210aaf8cf"
"9b9ad9f5a00c","ca218007c258"
"369bafd00a5f","3d89c276dfcd"
"e6e327ea659b","8996168e5064"
"18704225a7f9","7013e8d70c29"
"e1ad37da6205","541b6da98294"
"17070c8d2adc","e157242aab46"
"51911e06d05c","7094b57ca6ab"
"564ddc7854be","8ffd19a09983"
"c02b085f1170","89745e3c22a6"
"603ea922dab6","52b90a961322"
"df273d10d000","8dedb72a84de"
"903fec829ed9","518f35c74d04"
"d479e1981929","025fe7420701"
"31c214fb27b9","22ce6a0ea0e8"
"3b9af0b49278","f30b1eec161f"
"fd578e4f8033","17e9f3573962"
"3a099e81c637","088fded21c37"
"cd3345b994d1","c62bdb73b125"
"b95c7ed2bd73","9311f56f3f52"
"b22a4d36ec2a","0980f44a08d0"
"7484f2db7873","4ac1ce09d9e6"
"d2dc403b535f","44e2415302d8"
"386bf23c3d77","f63de85c5f48"
"45442334183a","a5ad42481e9e"
"3c535e5a8a68","39f4b88f009b"
"6f1d149fa944","e1301b6bada4"
"e39867f0c246","9311f56f3f52"
"fb13eb3e3bee","16b682ceaea6"
"8cf84f17f4a3","145a22e6c8f2"
"b265a1393137","e3559e7f9921"
"343ceb3a1813","03b99a2e5a6a"
"2cc740837c20","463c511a6797"
"6b4db68b0beb","92e053a7f3f0"
"3b924cc944c5","025fe7420701"
"be15ced3ab5c","1cf1f1d61b16"
"8ecf479512cd","69a6faa7129c"
"42a91b516868","162c9952c093"
"fa68a26f5853","921734631eb4"
"d33979a874dd","9311f56f3f52"
"84ef9e5c434e","c0f0f3f74a6e"
"14fcd88443bc","fdb29513fd26"
"cd62441a6e29","dda003a8af8c"
"97ea9f7a2d13","0cc9744dd618"
"5050ae6c5395","b15173fb9188"
"938da100f226","0a0588196bd4"
"36dbcc923ae4","56bfa8f953ba"
"e9939a433160","9311f56f3f52"
"51e875d4932a","e157242aab46"
"daaf954dc941","29dd53645cee"
"06ffcc7aa267","e157242aab46"
"49a05a87993e","d8d5ad43e7e8"
"8382a0afbafa","8dedb72a84de"
"209ea960ae2a","4c27c3f5f6e5"
"06007c9c4dac","cf07220733ae"
"3136aeda5583","607acb571d80"
"e2b910308a3a","778a7f916e87"
"4c9d2794eeea","cd683a9e25dc"
"5073b5310b84","c7646dc962e4"
"75844e11c2da","aa13e87a69bd"
"f53224122ad8","518f35c74d04"
"8464e7f43798","c3a752a3a65f"
"19959bd265dd","f72ff37c8950"
"3d4df131a876","2c62f21b79aa"
"9fe6ebacda03","e14af30ae642"
"5d819ee21994","b52993ac65ca"
"162db4a7b26c","c0f0f3f74a6e"
"3463d923d7be","74a58e60457a"
"127def20502f","4c27c3f5f6e5"
"7c338b3ca89e","be8734e22689"
"f32101e2abdf","9311f56f3f52"
"b288b42098a9","93beca85b1a4"
"03c240c121f3","973e680cdf1e"
"f14472ccc926","f4a8c4580289"
"db8276bd983f","60fd4918f930"
"309c31bb7dd3","3dbf902c9631"
"093ae940476c","7af36aed0eee"
"8a4af785b543","bf53328fce82"
"0f6a9721ecdd","8dedb72a84de"
"6d72a22de9e7","f4a8c4580289"
"3b53257e6ebb","5b89e4b408c9"
"2f20af00fcbf","58f18a347f84"
"2fead22232a9","c0f0f3f74a6e"
"80d8621f2f30","8dedb72a84de"
"079560070130","31ae0cc74927"
"d4d04b0efbba","8dedb72a84de"
"3ca74b77af47","24b6ac30ee18"
"4971a3759e87","172e50f2181e"
"2911cd4fdd11","7d65b36b19bf"
"b21b3f88634a","70b09e33c4f2"
"814f68a41f24","a04905ce10ed"
"3e0f5d1d6e73","70b09e33c4f2"
"8fc779cc2239","b107b0f35459"
"cb4fc3fb7f80","89131de37bad"
"1d11a1453376","8ad75c7f53fe"
"85d6d919c23b","518a4909b5f6"
"e2b98fc4b40a","b4cde3e8c04b"
"16e35bf73a84","031fe63ba0b7"
"32edb654a6fd","70b09e33c4f2"
"ad2cc8b79505","afb307ade987"
"1eca276f74e2","518f35c74d04"
"f5c747858a05","921734631eb4"
"48d76cb26b4e","145a22e6c8f2"
"6ca53ce25010","d5dcb8333980"
"2bd795082837","8dedb72a84de"
"feff673b83dc","dc4d8b8c6f86"
"8a9f5719c16e","6c07fb62f932"
"81292a8ab83f","74a58e60457a"
"42815b89fa9d","a95882b26e16"
"f2dd8492ab8f","77f9d725ce23"
"00f8f896c6aa","145a22e6c8f2"
"e22144dd0deb","719f44fd4912"
"4bccc06f718e","a43329fc3306"
"843baff2687f","4c27c3f5f6e5"
"734af8bac7fc","401be8eb4404"
"15854dee8368","4ac1ce09d9e6"
"1cbae3468fe6","b9ce0f8fdf52"
"2e660a39a01f","8dedb72a84de"
"458610463800","f5373a9924dd"
"f640cc2c65ca","fa2c18cf69a0"
"1f4c4aab2079","518f35c74d04"
"5ee6f18d9671","8dedb72a84de"
"c700ac9d8283","be68091fe22e"
"b53719d1338e","c2ad390a5306"
"db6e1c1ad5bb","364589c5cc33"
"ca0128e23a7b","0cc9744dd618"
"907d716acf7a","c580c93abc2c"
"d193f7938e9a","8dedb72a84de"
"0dcb86224158","2e03c76bb251"
"a2399d1f3246","921734631eb4"
"7d55f28b264f","80664b70a72e"
"aef77f83a73c","2a0b747bcea5"
"f716edb438c1","c0f0f3f74a6e"
"d79de115c598","32e210aaf8cf"
"070be39fbfc9","6c07fb62f932"
"e185a42d9f77","8ad75c7f53fe"
"c189301c1e64","c7646dc962e4"
"d49394032c4b","3e2b8843296b"
"1953211383a5","6bc111befbed"
"d66715f6cfc7","70b09e33c4f2"
"df8d4e5cc311","55197b060a4c"
"46769aac59cc","4689b01b425f"
"7cfc554ff349","17e9f3573962"
"96217b4812ee","39f4b88f009b"
"4caac08c9e15","c0f0f3f74a6e"
"cb6ddd10f1ba","2e03c76bb251"
"d30affa5fb25","e1301b6bada4"
"6d072a678f42","518f35c74d04"
"f10ee6e85a1b","0980f44a08d0"
"4ac5d4c7b728","632cb3ae291a"
"b5699de0871d","ab45afb8cbb6"
"8f8e754eeeaa","145a22e6c8f2"
"e4db90cc802a","c0f0f3f74a6e"
"c8baaad37105","9d0ab38ff1b9"
"eed6624c16fc","06ae0ae1863c"
"5b2c4573579a","78dccc9aa132"
"d14ceb6aa64e","9e25097df49d"
"db7359ee6f7b","e157242aab46"
"92eb619e8851","981e9792eaa1"
"bfc822c354a9","96e3241c8e88"
"d6d7a17d368a","832f57222c34"
"c8ac535289dd","70b09e33c4f2"
"778be495e4d5","9311f56f3f52"
"12d438787784","92e053a7f3f0"
"1d540bdafa2a","70b09e33c4f2"
"82b6d36be3c9","025fe7420701"
"4d5043dedfbe","145a22e6c8f2"
"0af03803c81b","b9ce0f8fdf52"
"fc2713b7d3f9","9904e0eeb795"
"dbf41c3c62d8","2a27fd8f7524"
"579be1baee44","518f35c74d04"
"6a8a4d7e16a8","162c9952c093"
"d5e733f761bf","0980f44a08d0"
"7bd72c02acd3","be405ed2a7d1"
"ef6e3bcffd52","55197b060a4c"
"9b3dbbddcefa","c580c93abc2c"
"6207366b9d48","9541c37b1e82"
"c569f634fb84","541b6da98294"
"a4ae5934da48","9311f56f3f52"
"18854b0f940b","0380888ba7b9"
"b73dea0e2082","64882d7f6cfb"
"6571eb01ce70","101641ee5d4c"
"b3c078a44c7f","52b90a961322"
"de0258a1c2d7","2c0c49c9ead8"
"bae79fa18fb2","250207a0c083"
"7628e67ca8e8","17e9f3573962"
"fa369aaee21c","97c13da8385f"
"cea1b4666c21","56bfa8f953ba"
"4ad953704821","9870a185f81d"
"ba8c1db1a9e9","a4edf595636a"
"fb8e1bde49e2","c7646dc962e4"
"6874ac945a13","f8fc9c445af3"
"8271da5a0a4c","b7c93a5072c9"
"9c12f9171530","a73c80ad84d2"
"f7538f65d5fb","ddda75012932"
"a4074440bc30","4213badd269d"
"083f77ae6207","a80d2b2b4383"
"9e85ac34f7a1","8ad75c7f53fe"
"a5ebd269b5ca","17e9f3573962"
"32a64f36413b","eb3d98301532"
"d7dd626c225d","70b09e33c4f2"
"2b0e3e4320a7","500a1781435e"
"0ec34fef483e","c580c93abc2c"
"8a3f1c166494","364589c5cc33"
"ae43fe9619b9","58f18a347f84"
"6484eb98f898","8d97fb4ee917"
"d57ed45859a7","23da92c2a085"
"87e55554aff0","e1d019a6fbe8"
"2b3d0560c388","c891c0c0eb34"
"8565b47a8da0","bf0a40deb068"
"528d73c74288","533dd1f121cf"
"b0a83d4c4f25","6c07fb62f932"
"24629a3f2200","bf53328fce82"
"3de3116c9dd0","17e9f3573962"
"ba1013bd4d91","7ada2694395e"
"35bffe886206","ab45afb8cbb6"
"5eb9393f7a4f","7d65b36b19bf"
"624e566a01ad","cf07220733ae"
"e8aecb185543","17e9f3573962"
"00892065d987","17e9f3573962"
"eeb8f441fd0b","438a667f6a1c"
"783bb6485c03","faf158832758"
"ae377eb9c8f6","7bdad54a0082"
"33c5db5ec1a6","ca218007c258"
"5d94ac6c3dab","621e269dada4"
"3d47be1532d4","aba07b5d78a7"
"0e6959a5aff2","4024af9ef028"
"fce7b11a836c","b15173fb9188"
"103cd2aee86e","4104f6b90c21"
"31fe9de48f52","e157242aab46"
"df655e9a1c38","9969680c24b4"
"bdfcbab740e6","172e50f2181e"
"34d2264b60cb","5b97411e045b"
"14bea2f65563","9311f56f3f52"
"2d01c5b43cdc","832f57222c34"
"277fe2406ab2","ff9f6e6012e4"
"7f035a943a73","d759bc96fc0a"
"924dfd455878","0cc9744dd618"
"c79e827401df","a6cd9014733b"
"b3236c41b763","16cf7c9b027b"
"5e416555e850","81c9fd143fc6"
"8b67604051f2","b93cece3b779"
"5f1dde0ea2b6","5f689149014e"
"d12dc6c386f8","ef08be1772e9"
"6312e5feecc1","172e50f2181e"
"e4ed874e6d81","60802d12b9a9"
"b82c375f735c","8d97fb4ee917"
"ae3ab2e44587","3e2b8843296b"
"805f1d5d8ad6","4c27c3f5f6e5"
"f2caac549724","e1301b6bada4"
"c345af0f5d57","8215f6d26462"
"6ab8ca89d06a","e157242aab46"
"d1aeb668ce28","59650a9468a8"
"f8512500af26","e157242aab46"
"f97ed4c26122","333879bc2851"
"fa52cc8768b2","7ada2694395e"
"d3d600a1e26c","bdb29e11d354"
"0b00aa2af3ff","4213badd269d"
"74b5d9f8fb78","172e50f2181e"
"d40424701c08","4213badd269d"
"1a91953d05de","050f83456226"
"84ad2d1a2fd1","872df9f07ee8"
"8a5a9263bc92","733eba678783"
"f9cda333e30c","69a6faa7129c"
"b748cc25f671","17e9f3573962"
"cc9ee8ec7a03","c0f0f3f74a6e"
"f8480ab06b6b","78dccc9aa132"
"cecbc7c4a378","9968a372778d"
"87d635169b81","9cb8c8074618"
"732dca70921a","53447d726a1e"
"5fd07222d8bf","30f1cc47f604"
"31fc497c3320","29dd53645cee"
"9983befab7e5","193630cba9aa"
"6e9265debd91","55197b060a4c"
"0415bb7aefa4","bdae1fab7865"
"563001f0e358","3c912045c896"
"74f777d1b200","0980f44a08d0"
"19d09adf348c","8573ebe013b1"
"cc026abe350a","8dedb72a84de"
"76b22c821f3d","ddda75012932"
"48ed9d07dcdd","44e2415302d8"
"42eda20c088c","7e763136c029"
"8e0eb5e39e44","3e2b8843296b"
"be269984cd17","9497b63937ac"
"a2a911848387","bc2304066b04"
"0f75949f5540","451e14adc445"
"2e3e96123593","e14af30ae642"
"1c4fa13a71a2","cf07220733ae"
"28a0acf56639","81819f88287f"
"72d9c1cbb1f2","c0f0f3f74a6e"
"1629ff724683","e157242aab46"
"a98031301684","7c28ec8ce601"
"1225fd931d3f","17e9f3573962"
"5f3caf598481","cdc39758e8d6"
"ada5eb043db9","d0ca4089bdfa"
"82635f070d00","b9ce0f8fdf52"
"0acf52bda479","c580c93abc2c"
"f23480f82356","aba07b5d78a7"
"97ffa4fec87d","c7646dc962e4"
"c0a964796670","c0f0f3f74a6e"
"472fa207e3a2","199254d90da2"
"2c98fec289e4","832f57222c34"
"0f31f9d97c28","24b6ac30ee18"
"34447a9bca58","bc2304066b04"
"df6a56041744","8dedb72a84de"
"97e2745ce69b","d5d2afc38791"
"587c0f35b96f","0980f44a08d0"
"fd72bc384495","97c13da8385f"
"5b1711c1a852","be5e75fb93f0"
"a03361c05d38","c0f0f3f74a6e"
"f4a22488c1fa","90b053a888d1"
"aee6899ed50f","e157242aab46"
"4bfb09ad6343","8dedb72a84de"
"de93e81b6218","c0f0f3f74a6e"
"b05c1c972219","733eba678783"
"25442078450a","c0f0f3f74a6e"
"987c662b2760","025fe7420701"
"eac0a4173c09","8215f6d26462"
"e00af9f1963a","4104f6b90c21"
"8ec44693f0fc","6709d31010d1"
"61083f70818a","6a1cb2d4c691"
"dc79412d7e77","6ce85aa825cd"
"bbf2d13a69da","a5ed68065960"
"a7e421d2edb3","1c49f00b01a8"
"1e54953915e2","be347153b4c3"
"57cd649f01c2","c6cfd8de266c"
"f996fc9c688f","9822b64af1ab"
"241990477664","e1e7cff173b6"
"dcf4a5aac4c3","b9ce0f8fdf52"
"0427ef88fde4","7bdad54a0082"
"610ebd254b5c","3c47ed5cc998"
"2ca012817b02","26c242b33584"
"1339d042f8e1","c0f0f3f74a6e"
"396e4106dc3f","17e9f3573962"
"b6dbdaeb6a00","0980f44a08d0"
"7b806ed98a3a","8025bdeb1b22"
"523f56055693","832f57222c34"
"3b7901f981b3","be8734e22689"
"dc987835f662","145a22e6c8f2"
"c09b8a2d7352","78dccc9aa132"
"529bd8428721","172e50f2181e"
"17f42cf6606e","e1301b6bada4"
"fc7f0caeeef2","bd7d9132dbf4"
"27cbadf914e3","dc4d8b8c6f86"
"ec8b10f6f889","55197b060a4c"
"b789644df2d9","66907fa4e17b"
"5eee191936c9","e157242aab46"
"fd69ebc1f64c","90608b419e94"
"ae1ae88553b6","e157242aab46"
"0f55098ed084","607acb571d80"
"a43016d18ac7","145a22e6c8f2"
"c92022673c95","db6db9d91b8e"
"7f58e9d44659","59d8e06d76f4"
"a2dd3d833db0","e1d019a6fbe8"
"866244f08a48","70b09e33c4f2"
"0963200be73f","a6540be343ef"
"35820f2ebccb","c3a752a3a65f"
"3d727e9a92bf","e1301b6bada4"
"432b512f0f14","8dedb72a84de"
"43d9dc74a2a0","c0f0f3f74a6e"
"a994603ba490","518f35c74d04"
"74b8f840861c","8ce648d95473"
"8c4dd99550fb","4d9a1d62a241"
"521e98cd11b5","bf661b60b3f4"
"ec1e04d32c32","c5b1f62a5828"
"2dd9450366fd","145a22e6c8f2"
"bb452194c169","0cc9744dd618"
"1083a15ebd96","050f83456226"
"69179d0450a0","e14148aeb423"
"5905349aee67","c0f0f3f74a6e"
"2bfe855f436a","c88643056a05"
"f319782c3777","719f44fd4912"
"164d9557c268","9497b63937ac"
"b67f2cfd9215","c7646dc962e4"
"ddc419c1c8ef","70b09e33c4f2"
"988dbb3f019c","8dedb72a84de"
"e8144338fb1b","36e5e5a7c2a3"
"4958998e7598","69a6faa7129c"
"90235aca7896","a43329fc3306"
"1f7683cb5de9","c62bdb73b125"
"c94f9980c2f8","8025bdeb1b22"
"ceaf2eab8bc4","fd795d6d90f7"
"63eb07d30be9","77f9d725ce23"
"9df5ea45e8b1","17e9f3573962"
"99e0e6710931","c0f0f3f74a6e"
"b936454528b7","fdb29513fd26"
"2cc08fbfc3ae","a5ad42481e9e"
"90128a0e706e","70b09e33c4f2"
"40ab8a691af0","0980f44a08d0"
"62f4334a33b7","f4a8c4580289"
"5f64d673d72f","a4edf595636a"
"13afa21cb385","9968a372778d"
"367a446e2725","c0f0f3f74a6e"
"7c3a3aae4c0d","8dedb72a84de"
"edfda1556a64","e3209831f6e4"
"9ad3eaee652c","0dc6334b55a7"
"18b343ab2c9e","a3a443f8aaf9"
"71f9725ae52e","2a0b747bcea5"
"a6bd681def4b","74a58e60457a"
"5ca763a42497","e157242aab46"
"34ed2893e0c1","23da92c2a085"
"e5f245c959d1","aa13e87a69bd"
"9ab3a27b1faa","0cc9744dd618"
"4d3ab5b23e42","eb74d0279dc8"
"bf921ab7f11c","c7646dc962e4"
"232e3f4a2de2","376daa7d08ef"
"6c4f55498c2c","bc384a89fb11"
"db97025b9020","db6db9d91b8e"
"16f97a0f5dd5","74a58e60457a"
"171fcae9373b","280b0f0d62ee"
"02ef2bc24a3b","aa13e87a69bd"
"bd4fc5b1be97","8ebf4fc70ef4"
"271e59ff8181","da2aafba1932"
"240b600c82f7","fccd960f3e9e"
"a63a18c4a687","3e2b8843296b"
"beb9a0bfbcdd","4242142a77d8"
"c07522dee1bb","8dedb72a84de"
"22e0da0d0b3f","c580c93abc2c"
"b80ae582caed","aa13e87a69bd"
"d225535f514e","bf53328fce82"
"8c9c65771b1d","438a667f6a1c"
"16e646616a6f","c580c93abc2c"
"6bdcd77b39b1","8efef09b1738"
"42abab58bf64","95ce06016874"
"14cbcb16fdf6","e157242aab46"
"6f705d92bfcb","a80d2b2b4383"
"f2ca3faed550","9c1dfebc5f0a"
"e9066fdcf3a1","5dc6020fb771"
"57ea6f4aac7f","451e14adc445"
"680903559d81","4242142a77d8"
"a3580188d94c","70b09e33c4f2"
"76a73b699516","518f35c74d04"
"111bc0dd8f49","095354f80139"
"60921ae47064","e157242aab46"
"7676e590bb8e","59f5223457f9"
"b743c50d6e26","c0f0f3f74a6e"
"403f00597c6c","10d0c48941ce"
"1cb5a5de8e0e","518f35c74d04"
"40533170466d","172e50f2181e"
"1e786f80e1fb","26c242b33584"
"5c70727c613f","9497b63937ac"
"f38836d5a59d","e157242aab46"
"1208155e2576","8ec5a8b5e217"
"d0c2d0f5a707","719f44fd4912"
"08f3c994e14e","74a58e60457a"
"677bd7fb8932","c0f0f3f74a6e"
"39c2d46d4c28","6c07fb62f932"
"bbf4b6836887","9311f56f3f52"
"f5789b53048b","172e50f2181e"
"e06a6d78f1c0","cd2d885b8779"
"7014224c68a5","32a4b6f71b18"
"562faf9432c9","da75bbc9a468"
"eeabbaf008c8","e6c2700b4f55"
"ecf3f0134360","0a0588196bd4"
"438840ab820f","facf45f6c037"
"7e3dabd35b57","fdd8b6835f41"
"f577e2cde880","32e210aaf8cf"
"5239863b8f4d","9822b64af1ab"
"2e1d7fd26706","7c28ec8ce601"
"584c1e26e550","1e12ec548ca1"
"05399e8ab67e","a0544634ecd1"
"519c8a169a82","8efef09b1738"
"5c3d695c658a","4ebd2eb38beb"
"dddfba08e7b0","832f57222c34"
"5a3e2a8ff9d7","172e50f2181e"
"f2fd308b74fd","8573ebe013b1"
"41d25afe3ce1","b9ce0f8fdf52"
"d762185de1f0","e157242aab46"
"83fc211774e4","16b682ceaea6"
"5d5c77679182","16cf7c9b027b"
"8fef5231d246","6efb359a6d50"
"5545a107c231","9f0f0b64e3b7"
"3e4f5860224d","2a0b747bcea5"
"4f5a5f3910ea","f4a8c4580289"
"9ee146eb0e8f","16cf7c9b027b"
"7d26845171a4","51f66c0959bf"
"e8f08946a4a1","8dedb72a84de"
"d522c3d0dd25","e1301b6bada4"
"f0a5b83f7666","8be8e4be55ea"
"150ae2da444e","df68ead00727"
"97ca604fa448","dea96620417b"
"7f755ad4451b","cdc39758e8d6"
"ead63f26a0ff","25bd5de73d16"
"25392ca81d5e","0980f44a08d0"
"608e77b110c2","70b09e33c4f2"
"c3fcd849e019","050f83456226"
"a5db3218e01d","c0f0f3f74a6e"
"ba45123f9d19","172e50f2181e"
"9eb91e942d38","fccd960f3e9e"
"4e0a8b5fb596","10895f555bc4"
"be3f67a0df39","9d3f3945b07c"
"be478835d79d","44e2415302d8"
"7b80b705329a","c0f0f3f74a6e"
"4152a91b9155","58f18a347f84"
"3c561d0816de","70b09e33c4f2"
"a540a3dfd82c","6a1cb2d4c691"
"ec21409a647c","9497b63937ac"
"ab471ff6753b","8a4719264af7"
"04fce9a3f7c2","06f7e244f46b"
"1193e466e1bd","bdb29e11d354"
"892a622c0e55","01df291d36bb"
"368b83b2a590","26c242b33584"
"47b4b13304a1","e157242aab46"
"5b3b93526038","b233f5111b43"
"5f162d3e688a","a95882b26e16"
"66dbf4f6c3e3","145a22e6c8f2"
"bc64e6c09d2c","9311f56f3f52"
"579fbfa1b622","bdb29e11d354"
"bb6e2b2845ad","6efb359a6d50"
"b763cbeae18c","b15173fb9188"
"c259f1ccc281","c0f0f3f74a6e"
"4e214e86aec4","dcc7a23d845e"
"765eb699d11f","aa13e87a69bd"
"66ab1b35557a","e157242aab46"
"8ffe275c2276","872df9f07ee8"
"5174ee1cf6bd","b9ce0f8fdf52"
"501c2f6c655d","9904e0eeb795"
"13d33efc2d72","832f57222c34"
"176b582cda2b","dcc7a23d845e"
"c56857e32e77","e1301b6bada4"
"9e68e1db8024","921734631eb4"
"48c6ae116bd7","b47515c10ed2"
"9fbf9b25075f","8dedb72a84de"
"a4541d1a64d4","f72ff37c8950"
"bb7abd632054","8dedb72a84de"
"4215a7b3b105","c0f0f3f74a6e"
"9a808bb5954a","51b6fed4d573"
"569f4bf93f86","bc6360a0c901"
"abf33f8cc322","0ba6162eab98"
"6d220abb9965","e1301b6bada4"
"e6becce0d3a0","d59e7bc82472"
"c4b4163e6c4d","b9ce0f8fdf52"
"b6890c8e9942","7689493c2eb8"
"0497b75f6bfb","0a9f3414658c"
"bd476e26d641","b4cde3e8c04b"
"7a216897d6b5","4242142a77d8"
"4780708f5128","70b09e33c4f2"
"c46f24b1e081","efa1e774915f"
"c8c79c0b407f","a9f392326c20"
"0e186139cd52","efa1e774915f"
"51508241d1d6","16b682ceaea6"
"b0fbde06012c","3c47ed5cc998"
"90dbd064045e","2d51e7122d0b"
"dfd9b118e240","c0f0f3f74a6e"
"e5f07444f418","e157242aab46"
"34fbd291c541","451e14adc445"
"31c5cb0a7eea","16b682ceaea6"
"f0e17a4801ad","8dedb72a84de"
"ea101e1bb4d8","945878ab8a4b"
"29879e983ca1","c8320e0cedde"
"45fcbe165fd5","921734631eb4"
"d1cf85b54440","0a9f3414658c"
"f0ea37791691","666cc8e22dd6"
"0a2730a3b558","c3a752a3a65f"
"3ae9dd3a8e6d","90608b419e94"
"aa13c572565e","60650d405ff0"
"cafbe45b49a5","a6aec1410966"
"7203ec0c344b","8dedb72a84de"
"8cb62359ed25","0babbf384017"
"7037ad84a9f5","a384174dbf46"
"33d48a32621e","e0c345819ff7"
"a983ad169c24","dea96620417b"
"5501e2e74d40","ae243f504e6c"
"f2e570387ba7","89745e3c22a6"
"e68c65c1e50a","3817f513b3f0"
"64e165b8aa01","cf07220733ae"
"edbcc474d23d","518f35c74d04"
"764de446cc22","8dedb72a84de"
"28cbd8d4d7bd","b9ce0f8fdf52"
"6ead54488180","fc55538bffda"
"cf23797288ea","b233f5111b43"
"1b734af1cdf2","22ce6a0ea0e8"
"243b3bf8c62a","e6c2700b4f55"
"2434c18d43f5","16b682ceaea6"
"6009dfdfbcde","ddf3a7ae5895"
"3672a48bf721","c0f0f3f74a6e"
"c7c0c9e0ac95","c0486b242338"
"42cbacd50c72","7c28ec8ce601"
"a9c0b2c7a554","8dedb72a84de"
"4904c80b7a11","13a44d3e49b1"
"84d2288ae19c","25e9ca1785ad"
"a21e046b8775","78405c469488"
"7f80b83b5f80","dea96620417b"
"d171f8008f2d","f70337544621"
"84c287714da8","8996168e5064"
"3c6ceefb7d8b","36534d71b1ad"
"4345cf43cf5b","70b09e33c4f2"
"1921fd244f07","c6cfd8de266c"
"3e8173b876ab","a5ad42481e9e"
"aa60e5a25d45","17e9f3573962"
"37d693f0da55","9311f56f3f52"
"a63dc45fcbd6","364589c5cc33"
"d887a78e84bc","921734631eb4"
"7ffa2891a694","7892a1dbedc7"
"dc2d75d996cf","e1301b6bada4"
"2fec39c179f4","9c028867abc7"
"0a391785c181","fccd960f3e9e"
"de059d21784b","b4cde3e8c04b"
"493e7858841c","31d1c457b34b"
"071558cf116c","031fe63ba0b7"
"6faab451946e","518f35c74d04"
"10fd6371d3a6","9969680c24b4"
"92f8d5f28e07","7d65b36b19bf"
"b81e28dc8c28","f308becd1242"
"12e57836bac1","a5f39a284328"
"aeec3c2b9fb7","050f83456226"
"f5b3d1ccc695","22e3ceba138a"
"70f7cf1019c9","9311f56f3f52"
"b11ff9df5e91","3ab21afd3e69"
"acc7c0846358","9280c4b5d0a2"
"57a5b5ac77ad","2a0b747bcea5"
"854db5085aa0","3aeca998fb4f"
"858e859c34ea","4cd0466e8601"
"c030b9d1e5de","69a6faa7129c"
"b59c21701e69","10895f555bc4"
"35f4e095d6a7","145a22e6c8f2"
"247b80cc22f6","7ff9ac668f0b"
"adbb6c8c2c79","e157242aab46"
"a08fdb84fd70","c0f0f3f74a6e"
"97b07863622f","70b09e33c4f2"
"9b626aeda754","2e03c76bb251"
"4d02ff578de3","8dedb72a84de"
"2b00d634700e","e157242aab46"
"d470942ec09d","f4a8c4580289"
"aea68ccffe44","172e50f2181e"
"c5aabf76fd61","c0f0f3f74a6e"
"1193f152eee5","025fe7420701"
"0173317cbd87","70b09e33c4f2"
"4280db330d48","edbf678bc558"
"e9bae83f86b4","8dedb72a84de"
"b3be32e90ebb","f4a8c4580289"
"4eea914e3cea","cd2d885b8779"
"9ade2bc84da2","e1301b6bada4"
"827d8ed9f5fd","d5dcb8333980"
"16fe7109e9d6","20a22cf1ed26"
"0c26d1f5fec5","7602b838b5ce"
"1b3860003bcd","70b09e33c4f2"
"de52a2451b16","872df9f07ee8"
"af8b7b30b117","32a4b6f71b18"
"851a72becb01","c0f0f3f74a6e"
"996b96abac6c","c0f0f3f74a6e"
"def63d42494f","89be29d43ce4"
"e74ea85d03e8","719f44fd4912"
"f142e0c01e5e","db6db9d91b8e"
"50fbb39e12d3","8dedb72a84de"
"b260920ea91a","fb75e771fee4"
"7ea30e9d88ab","f4a8c4580289"
"e4bef78d414c","66886dfc604e"
"d83e95fb35f4","78405c469488"
"60db508195c9","22f9e188690e"
"18918651a332","7c28ec8ce601"
"ab06f3c0b134","4cd0466e8601"
"b90da7aa2b3b","f0944c078837"
"8d1bd3fb43c1","172e50f2181e"
"fd1e2aaf838f","1d771f475055"
"f1f99037c209","193630cba9aa"
"038e45bf51be","6bc111befbed"
"b1e9a61921c7","e157242aab46"
"67d3439c7baf","199254d90da2"
"7f6d19116efc","c0f0f3f74a6e"
"b80e95e2c9db","8dedb72a84de"
"b59ec34b01e2","3c912045c896"
"f036e41d3dd5","9969680c24b4"
"0845a3b8a8ec","7094b57ca6ab"
"235d098bafa2","fd795d6d90f7"
"d29ebe16ffca","9d879a687013"
"75eda66e1b83","dcc7a23d845e"
"0245214a933f","3ab21afd3e69"
"3a827bd0a826","8d97fb4ee917"
"b8da55827c9c","3e2b8843296b"
"7d8ab2c1fcad","921734631eb4"
"e03a650105f5","751c8d1745fe"
"ce049b5b9ef8","e1301b6bada4"
"5f60cb5b2190","c27046842e25"
"6e7d61c54b4b","10895f555bc4"
"50de5ba57c48","088fded21c37"
"bfbfb53f0829","e1301b6bada4"
"03abe2ed73cb","bc384a89fb11"
"404a2e893494","025fe7420701"
"04547e64c7d9","a80d2b2b4383"
"3f0d967c74d9","8996168e5064"
"d73391f6ea74","d6eaad029129"
"c918bcf2b15c","7ada2694395e"
"76fe45aaf514","d59e7bc82472"
"ff3e0fdf1778","0cc9744dd618"
"bf624b6e359c","6bc111befbed"
"270865da213f","2a0b747bcea5"
"2aa8f547f7a5","9541c37b1e82"
"8e3b63284e38","e157242aab46"
"09b1f0d614f6","cf07220733ae"
"4e4eac4e9ea6","da2aafba1932"
"b9a858f08eec","d64e225c9295"
"b56a43631a65","9b7420e920d9"
"b48b7dfc3090","70b09e33c4f2"
"c8707bcb32c6","3d849ba6a237"
"6e0b26cfbdde","afc103943869"
"e33b4e731841","13913313b992"
"1ad47b76cd8e","c0f0f3f74a6e"
"385c595dd1ac","4f42c1a2f59c"
"98571c3583dd","9968a372778d"
"34de5a71a6ad","70b09e33c4f2"
"77587e856f88","eb74d0279dc8"
"fdd169fe8244","8dedb72a84de"
"1aaec34696a1","faf158832758"
"33b290844dd6","994fb2696d85"
"807516814029","c0486b242338"
"806ecd093e84","8d76a74493e5"
"6c27df54ed49","0380888ba7b9"
"68776b54f837","145a22e6c8f2"
"754fd06f1239","027c793e694c"
"9933e7c7ce11","6601c5356fe8"
"c27905287209","e157242aab46"
"e33d5e565a8e","9969680c24b4"
"2291ea904483","518f35c74d04"
"09e855e91cb7","9eb0ca3eca5c"
"ca4bd1c894bb","c0f0f3f74a6e"
"6ad2d4ba6576","69a6faa7129c"
"c41fcd664862","8dedb72a84de"
"a3dab4c3c088","b9ce0f8fdf52"
"bb51ca9e310b","48ade0ca11c1"
"3bb7d3431a6b","c0f0f3f74a6e"
"3c3e690c30bf","533dd1f121cf"
"8c5952284ffa","74a58e60457a"
"dc0494cd90c3","fa2c18cf69a0"
"5c1fe8430074","832f57222c34"
"6dcd5db08983","70b09e33c4f2"
"98e261878a31","9870a185f81d"
"8004f2ca5830","ecff080434b5"
"6d1e7dc4b667","f8fc9c445af3"
"d545269ecb5d","c580c93abc2c"
"7d19f2b91cb1","ddda75012932"
"b0b718a7d614","e8f3ad736679"
"c6d60e8909bf","8dedb72a84de"
"3f0d99453fd3","aa13e87a69bd"
"5d16b2a43008","70b09e33c4f2"
"6c7adb2031ad","bb378edb1a70"
"cea5d86a293c","6bc111befbed"
"c84b4ed53d57","70b09e33c4f2"
"592de0690332","61a03566f76e"
"f33135977d47","7d06f8d383b2"
"15c8004c57bc","26c242b33584"
"ef559ae4c32e","451e14adc445"
"5a761a1764ef","f63de85c5f48"
"f40a9806932b","a9f392326c20"
"73fb309d7aa0","832f57222c34"
"50f9156ea9ea","4f42c1a2f59c"
"cf59406c7073","17e9f3573962"
"23fc0ece0bce","e157242aab46"
"972c2c8e2ee1","90b053a888d1"
"91de4d31bf16","0980f44a08d0"
"4dadcc7ecafd","101641ee5d4c"
"e342420e38c4","28a9764e9326"
"419bf40427c5","088fded21c37"
"149a8149e46d","3e2b8843296b"
"e5dada5b978e","0f59b9f1467d"
"9ee156becec2","8025bdeb1b22"
"28220096df62","0cc9744dd618"
"b3b5e0caf2b1","172e50f2181e"
"1d54c84f3fd9","6c07fb62f932"
"716e0b8726ad","9311f56f3f52"
"8db74d7c4c2d","8ffd19a09983"
"3dec8aa8dd36","fa69c33bac27"
"5a5502144007","0cc9744dd618"
"5276391538db","36e5e5a7c2a3"
"a71e02ccf87a","2a8038a647be"
"4e7533c69b13","c0f0f3f74a6e"
"08e9628c430e","518f35c74d04"
"2cd63ac1e15f","561ba58b212c"
"1ad88ebc499a","6ec82488a5f0"
"e195897ece4d","bd7d9132dbf4"
"469d2a6c4a6e","df0d30b725d9"
"705817304820","da37df58094d"
"22c8ac4d6dae","172e50f2181e"
"8c961c02b81d","9311f56f3f52"
"2911c667cd24","bc384a89fb11"
"25cf8e7ca4a7","07de32221b4b"
"c358510cb9e4","2e592de5e62b"
"377bed505f97","90b053a888d1"
"4a51a0108de5","25d99bb9c89b"
"d41d5d61532e","2920777dc239"
"9407803d6516","e157242aab46"
"cee3eae4c280","343df6f5ea88"
"0643b05c3bfd","a80d2b2b4383"
"7abed71aead9","81c9fd143fc6"
"3ed7f2edbc9e","d2c267bd6295"
"9fb584427748","c0f0f3f74a6e"
"64577a0611f3","2a0b747bcea5"
"d6506ba7f106","0f59b9f1467d"
"28b9e8c96941","27f86e2447bc"
"83ab290da5b5","9073c4819454"
"148ae38b005c","a44f96015674"
"d5a3c8e47b96","d5dcb8333980"
"ade8bdb00978","280b0f0d62ee"
"de38a70ae6a5","70b09e33c4f2"
"d66ff55a191d","6ba57ec44613"
"912530a3f7fc","ce3e13fad355"
"4558b4458803","2f972f14f95e"
"4fc7abea3ded","9968a372778d"
"914ffe6486bc","b9ce0f8fdf52"
"7bb694e0bd40","0980f44a08d0"
"9522845cb5e0","8dedb72a84de"
"9f91b0b1b1b8","61a03566f76e"
"7ace4f1ee090","f4a8c4580289"
"0b79e57e6a06","4e900521d7c1"
"dfe35b641f21","70b09e33c4f2"
"2671ac3d5ead","6ceba14c46c5"
"8f08a7e1ad84","2d51e7122d0b"
"18feb8fbdb2c","9311f56f3f52"
"9710e9944081","efa1e774915f"
"53cce4c2c4a2","5c5c618c98fa"
"81e047f894e7","9e9dafcbae24"
"f6905f5b26c4","aa13e87a69bd"
"342ec56de88e","0980f44a08d0"
"65aea829b740","a80d2b2b4383"
"3ffee9883873","aa13e87a69bd"
"888067829e72","27304e454fbf"
"ad1a42c3b066","31d1c457b34b"
"88ff3959ffd7","f05cccc8df64"
"026eed35d43a","2a0b747bcea5"
"cde6fa7e3a67","bf53328fce82"
"440573f1a8f2","4f6b76d7755d"
"d5e6de11326a","921734631eb4"
"2eeaab279947","bcb441438290"
"47166e34adcb","050f83456226"
"a35469e46a9f","66886dfc604e"
"19323f03abba","7bddf91de37f"
"0f374362f5f5","16cf7c9b027b"
"cbb4f9fcddb8","c0f0f3f74a6e"
"4e0f18a83605","917c126ea94e"
"3809c1d0a0a5","da3faab3edef"
"863c0721ab99","1bcbd72715fa"
"44f52d59799f","2e5876c06c2f"
"55eb807f9283","9d5dfd6fcc91"
"b5ab6ebe267b","13526fb7c5b0"
"434b9c7a6414","0cc9744dd618"
"ecb0ba855baf","8dedb72a84de"
"4b6acf0e4a3e","3c912045c896"
"d33ec8c8e498","eb7449c07b48"
"749522ce41c0","81819f88287f"
"f9ef6587d40a","172e50f2181e"
"613c4a6a9d6e","facf45f6c037"
"1f10da69c5ed","8e3736b3afbf"
"9ed95cf229a1","b4cde3e8c04b"
"d1709b92c16e","acb225190fec"
"68d25b264b91","03b99a2e5a6a"
"df6561b20a3a","26c242b33584"
"1714c8d6a6a0","8dedb72a84de"
"851eaef09658","45bee866afca"
"f6c43a2921ac","da75bbc9a468"
"3f0be9856726","c0f0f3f74a6e"
"0b9a512755c0","5418a23396de"
"afac5d85448c","a737ca0dd935"
"ec91f3b1a95d","70b09e33c4f2"
"0d2354338912","17e9f3573962"
"f572203451ea","8dedb72a84de"
"b1727d33870f","0f25c52da806"
"3f20ee51f919","172e50f2181e"
"67f35fc7d442","70b09e33c4f2"
"3439c97f3b85","cdc39758e8d6"
"6ce7e42f79d6","fa2c18cf69a0"
"0556cd83ebe6","f4a8c4580289"
"e855ae238457","8dedb72a84de"
"67329e43814d","2e592de5e62b"
"0793a9989c58","d759bc96fc0a"
"48e1d46d8c6f","fa2c18cf69a0"
"53d9cef5e4af","8dedb72a84de"
"75366e733ec1","f4a8c4580289"
"c6b4f0a89920","da75bbc9a468"
"ef8183579e62","518f35c74d04"
"3863dab7f3aa","e157242aab46"
"b5c59b23548c","a384174dbf46"
"6fe7021eb6aa","9c258eb207c9"
"dfc5c0c650d9","a9f392326c20"
"97dda5252403","518f35c74d04"
"9bf75dfe5edd","cc78783cf045"
"addd91d3e147","a80d2b2b4383"
"08566c4ed0e9","bdae1fab7865"
"2c37a70aabb1","f308becd1242"
"ad390c477553","1de4a6a977a4"
"28d104483768","050f83456226"
"1ba90c47904f","1d771f475055"
"6af7493e2aab","145a22e6c8f2"
"b894c6ffb839","aa13e87a69bd"
"91f0b531e026","2a27fd8f7524"
"4e6d15b4bfbe","153dd0ab3087"
"2c2d2f144c4c","be5e75fb93f0"
"a8467071822e","66886dfc604e"
"d1342810fb99","e1301b6bada4"
"f486290be73e","8e3736b3afbf"
"35ec4c02bc16","002e84a87778"
"46a0bc747dab","f4a8c4580289"
"6dd57ac37576","fa2c18cf69a0"
"ccfac20f9fe9","d2e541792fa0"
"09589f551a41","c0f0f3f74a6e"
"0d35f5225d63","7e763136c029"
"13bc7717b7ad","6c07fb62f932"
"78fb069f7c85","c62bdb73b125"
"5f152286b7fa","280b0f0d62ee"
"703368193abb","bc384a89fb11"
"4d744132bb80","8dedb72a84de"
"3437e9878fb8","0980f44a08d0"
"898f826ae058","9d5dfd6fcc91"
"af33675eeebe","7130842697dd"
"83b3aa56e407","145a22e6c8f2"
"52bda56c1c12","9090070a75d9"
"34e7470894ca","9311f56f3f52"
"b1e5b772a0c7","77d3e32e49f4"
"33f7820d5079","eb7449c07b48"
"0786a9198882","c65a0210dc70"
"696b193ac3eb","145a22e6c8f2"
"00af3223638a","e1d019a6fbe8"
"11aa86fc7efd","451e14adc445"
"7879d81c874c","3e2b8843296b"
"7093d2c96ccc","8ad75c7f53fe"
"3ad9722d1b85","74347a5cb15d"
"2e3883334407","e5e44cdd3b8f"
"791f8c6ce974","70b09e33c4f2"
"ff77344c0de2","2a0b747bcea5"
"2557cf0d1e41","0980f44a08d0"
"f8b9bd19899d","8dedb72a84de"
"be75ec8cebd6","4db5e195bf60"
"6d361eb4c329","518f35c74d04"
"578b221758f4","9073c4819454"
"981d7e9bd923","e1e7cff173b6"
"3ac19796e758","121db744827a"
"f517bdca881c","e1e7cff173b6"
"c44fa16de7d8","f4a8c4580289"
"80f5942c107c","b7c93a5072c9"
"2db77ea4854b","d8d5ad43e7e8"
"70645c175791","4e7a87a90249"
"5c29d3de734d","a80d2b2b4383"
"7ce1c44f60ba","9311f56f3f52"
"bb1422ec1228","7f1760065be7"
"a1fb38d86d58","53447d726a1e"
"84c24481dcc0","172e50f2181e"
"c59016aa96ce","8dedb72a84de"
"9093c82cd2a8","719f44fd4912"
"df8a06294b0f","9822b64af1ab"
"d472cf6ee73d","17e9f3573962"
"14b2d211d235","2a0b747bcea5"
"5c5f26be79ed","60387fe5c816"
"e03fdd9b9ed4","0794c278b26d"
"2bf462c94ad9","08c388973828"
"9026e947a03f","10d0c48941ce"
"baf459508f1c","607acb571d80"
"45b89d0cbf73","3ab21afd3e69"
"92fa1e164503","8dedb72a84de"
"1317f277086b","e157242aab46"
"fef3102fbff1","3c47ed5cc998"
"c7cc32757cc4","5c5c618c98fa"
"8c4d5ebbc80d","a4edf595636a"
"332ca5e977b7","7c28ec8ce601"
"77291fc57b85","f4a8c4580289"
"a259d74977cd","c7646dc962e4"
"9be3acac752d","ee9b43f13032"
"b5a35864055a","9870a185f81d"
"6a64b00dd6a4","70b09e33c4f2"
"99b3962f2f0b","172e50f2181e"
"52a5727d9374","0980f44a08d0"
"a772ea17e97b","8394f0505cb6"
"f0f6526c92c0","172e50f2181e"
"52dd2c2261c3","ddf3a7ae5895"
"e59d2b5329ab","32a4b6f71b18"
"6b3f20252138","c0f0f3f74a6e"
"627c7e8749f7","24c14cae09ec"
"480b8c748e48","faf158832758"
"bdbe03c064ea","f6cb39174711"
"891f2b24d594","451e14adc445"
"cdc36d31929d","88b20aaaa123"
"bb1eee099258","2a0b747bcea5"
"d62c28b78ee4","bf53328fce82"
"04e45b61447e","c4954a7d67c8"
"e17fb6bec385","e157242aab46"
"1fcc116b26e0","3817f513b3f0"
"bbe0a2b279b8","172e50f2181e"
"a148ccc11261","24c14cae09ec"
"591071a8be70","c168901ca3ac"
"13013945af17","050f83456226"
"e348cb0d2c52","9904e0eeb795"
"7b094aafb3a8","fa69c33bac27"
"ddcc3014d65a","89745e3c22a6"
"45ebd732f613","d524341ea94f"
"001597228e49","c0f0f3f74a6e"
"dbd49265a15c","451e14adc445"
"1b6084473ac4","9822b64af1ab"
"05dc19769f33","832f57222c34"
"52c78df0541a","9a9b84773cac"
"af9966ff84a5","bdb29e11d354"
"16acc3bc9c9e","9e25097df49d"
"6c5f6ff09a3d","b15173fb9188"
"2aed5c931b47","172e50f2181e"
"29ed5675d88f","619cb8569349"
"9a78ef4dfa4a","8dedb72a84de"
"eeb92bec6e01","246377615e60"
"0b23de483cea","250207a0c083"
"4b4f0aff6f7c","70b09e33c4f2"
"dccc2b782b0d","0980f44a08d0"
"51cd2cc4a9c8","b9ce0f8fdf52"
"997b8fb8987a","2920777dc239"
"67ba451010d1","2e03c76bb251"
"35a500f9918d","78405c469488"
"f09563cd736a","80992f95aae6"
"f9dcffbf6bd4","9311f56f3f52"
"3e41fa1d409d","bf661b60b3f4"
"1fcd0e30f67d","56498acd1f1d"
"c1fa6c1a8259","c3a752a3a65f"
"a97f2ab10dae","19438af42528"
"d72c600e2672","153dd0ab3087"
"115d0154255f","37908ece9d2d"
"8ef3cb55f867","6c07fb62f932"
"1a55cd3dba14","bf661b60b3f4"
"b27b90ed133e","23f5728abc8b"
"645d2b6748fc","fa2c18cf69a0"
"4f3e839e10cd","518f35c74d04"
"d7df5705eb18","8573ebe013b1"
"d05e7cd903cb","832f57222c34"
"208bbff9ed49","518f35c74d04"
"b57ef749ecbc","8ade70500b93"
"3d7d2f2c031b","c2ad390a5306"
"6db9bff4946b","172e50f2181e"
"d01782b722da","56498acd1f1d"
"130be6c45abc","dcc7a23d845e"
"932f558049a0","832f57222c34"
"b894d8e1bca7","9311f56f3f52"
"b2c60cda7e43","f70337544621"
"9d985c799ab0","145a22e6c8f2"
"759f98a2a879","5e764765ebda"
"789c25a4913d","1235d60a31e0"
"fbf190f69d6e","2e592de5e62b"
"b21f364760d2","a80d2b2b4383"
"26581b333350","c0f0f3f74a6e"
"5506c43c9c84","b47515c10ed2"
"d1074aea71cf","17e9f3573962"
"5c1be2d584f4","7506e1529289"
"6559863c1b6d","10895f555bc4"
"7204c6b99da4","e157242aab46"
"2fee050008d4","8dedb72a84de"
"b56ce6956b8b","9870a185f81d"
"b2ab78096b64","81c9fd143fc6"
"d97deb255985","be405ed2a7d1"
"c88de8382e03","48ade0ca11c1"
"bc76a7a629a4","8dedb72a84de"
"0f51d24e962c","c580c93abc2c"
"c6c7be61dddb","c8320e0cedde"
"8773cb86aa5b","39f4b88f009b"
"5ae67901fee3","8dedb72a84de"
"51b7bde059cb","c0f0f3f74a6e"
"eff4d6aa5c2e","9497b63937ac"
"041498361d87","99c04473bece"
"356607e2ea80","bc384a89fb11"
"6eea36bc05dd","050f83456226"
"613597f399c6","c8320e0cedde"
"ed9c0077a4fa","832f57222c34"
"286751bed3a5","22e3ceba138a"
"d9b8d47b572b","d32fab1eb2e4"
"816fc3befb8f","0794c278b26d"
"4a9b64ebe72e","f4a8c4580289"
"11d227b83ff9","df68ead00727"
"2c72f209c39c","8dedb72a84de"
"5f26fdd7f41a","2f972f14f95e"
"51be31ba3056","4242142a77d8"
"b4f1ddf9346c","172e50f2181e"
"5300e13b23c4","4230a63ad567"
"b5a6a29f5192","172e50f2181e"
"c300ad81d17d","48ade0ca11c1"
"3a527b9ea56d","8dedb72a84de"
"df609ddb9a09","dea96620417b"
"a5bce77c8cc2","599ce9e98ca9"
"6cb800d7fc42","70b09e33c4f2"
"c901a476b114","9311f56f3f52"
"3b1ffb512214","8ce648d95473"
"94e6dccd2bc0","0cc9744dd618"
"dcd9a4c314c0","aa13e87a69bd"
"cc888361a128","199254d90da2"
"be78f8b856da","78dccc9aa132"
"8fa2df68a6ca","6efb359a6d50"
"ffb5f6f84a1f","145a22e6c8f2"
"1f14b0fddf0c","e157242aab46"
"42145b6931a0","c0f0f3f74a6e"
"b18af2d1a804","e1301b6bada4"
"6b088de6d8fb","70b09e33c4f2"
"0a2133fce3c0","518f35c74d04"
"d31381a34685","45bee866afca"
"9b1c4efb6a92","04da77f7fdab"
"09f481820100","451e14adc445"
"a8283d669f1f","e157242aab46"
"daf3f1a3c160","973e680cdf1e"
"bdaa2e37164e","b9ce0f8fdf52"
"1e5e6fc12ecb","ab45afb8cbb6"
"bfa2754d1f2f","4104f6b90c21"
"1fe76e4348e8","463c511a6797"
"7e36c58de811","c7646dc962e4"
"b714ba0381c7","8dedb72a84de"
"1c0b4278bc8d","9e68fbc28d55"
"f3131aa4904e","631011982a02"
"62f37ef045df","25bd5de73d16"
"03efa663671a","3ab21afd3e69"
"24ea23101755","81c9fd143fc6"
"bd736feb6d22","e1d019a6fbe8"
"3b9861224830","0ea8730c1d90"
"6a2a727cbba6","4689b01b425f"
"a661ea9015a7","832f57222c34"
"51888bc54db8","dea96620417b"
"4a327bacb1ce","49389855bad9"
"241d115c1d7c","27304e454fbf"
"2a227278d6a9","06c17a74802d"
"8a7ecfe99a35","f4a8c4580289"
"24ac75d79f17","2a27fd8f7524"
"f513ac5fd986","8d97fb4ee917"
"4443918057c6","561ba58b212c"
"c17271a2bcfb","027c793e694c"
"98d26c30a0d7","17e9f3573962"
"92b0bd8c43fc","dcc7a23d845e"
"0b5b7d1358da","0cc9744dd618"
"796f1209f2f7","be5e75fb93f0"
"94e7f336791c","eb7449c07b48"
"a3aabcc3fd35","a5ad42481e9e"
"8fb52e1992ec","172e50f2181e"
"5eb7239272a3","c7646dc962e4"
"1464edaa5912","fa2c18cf69a0"
"98450b0e83f4","f72ff37c8950"
"619d672d35f9","ecc8c2785d25"
"94f339c14891","145a22e6c8f2"
"86192ccc8133","e1301b6bada4"
"bd160109bf85","832f57222c34"
"86852a7f1617","172e50f2181e"
"c7bd5cb35553","518f35c74d04"
"0a0097649865","c0f0f3f74a6e"
"f4b7321b4634","dcc7a23d845e"
"6732b02dc099","e44f830db9a2"
"e5fa8ac94eba","0980f44a08d0"
"bbda5981f260","c0f0f3f74a6e"
"0b787ca3d6e6","719f44fd4912"
"5dbff9e8b291","518f35c74d04"
"1dc80298b535","4f42c1a2f59c"
"a286309208a3","6a1cb2d4c691"
"e2136a8872b4","451e14adc445"
"b3f585d0582c","bcb441438290"
"08dde850c8df","44e2415302d8"
